epoch,train_rmse,val_rmse,test_rmse
1,0.9671913317830141,0.9725910271375614,0.9879303093525817
2,0.9399641671680538,0.951650978580378,0.9684960150139643
3,0.9268341515234887,0.9437334819730699,0.9604843392777397
4,0.9181304949179852,0.938963426363918,0.9560780085999675
5,0.9116300448285225,0.9367831211733553,0.9528460140444572
6,0.9061099277863703,0.9342199184530988,0.9501501301285654
7,0.9006529691371867,0.9333456084682988,0.9485427855644936
8,0.8948751527769647,0.9316863625975524,0.9473849921637195
9,0.888618729980922,0.9297393009082847,0.9451353445061765
10,0.8813656721598214,0.9280971139831315,0.9435201532736485
11,0.8728485009274629,0.9264792553591765,0.941834700408442
12,0.8634725043408983,0.9235308963527866,0.9395212672779938
13,0.8531870609269936,0.9217596448931465,0.9374182466436192
14,0.8422526231113617,0.9194330728289891,0.9351792276820274
15,0.831084115634701,0.9178959177421772,0.9331123637985803
16,0.8193642863553305,0.9165837849912961,0.931760336624841
17,0.8077805797613321,0.9161413559074376,0.9302135468904213
18,0.7962590588761292,0.9160279652749022,0.9296928645159828
19,0.7848340768216248,0.9157456333499432,0.9297512522255523
20,0.7736051155831093,0.9149196803437246,0.9287324211755501
21,0.7626937280637268,0.9164524006257502,0.9293152397568115
22,0.7521865785799593,0.916567430342676,0.9292097175870982
23,0.7418524184230549,0.9181343785958238,0.9293799429263716
24,0.7324947793445886,0.9195216261821321,0.9301798502499256
25,0.7229028802974743,0.9200659688354269,0.9312781154390258
26,0.7141667318774424,0.9220003961216467,0.9321434803261139
27,0.7056305278763398,0.9229419959076939,0.9327265246417527
28,0.6977878605742918,0.9247301893565589,0.9342485484311298
29,0.6901959758519062,0.9257692674428649,0.9351103012709375
30,0.6832920401830396,0.9271894348140244,0.9360657748072557
