bin_type,bin,test_pairs,UB-A,IB-A,IB-C50,MF
item_train_ratings,0,36,0.9697230166071963,0.9697230166071963,0.9697230166071963,0.9697230166071963
item_train_ratings,1-5,278,1.4235089417584152,1.2944344879243685,1.361765496970949,1.093620727278535
item_train_ratings,6-20,1197,1.1639382507724905,1.1797176036606056,1.4251889442949077,1.0379980518876137
item_train_ratings,21-100,7231,1.0317239022778453,1.0961152290888163,1.1851087383386307,0.9467743102115719
item_train_ratings,>100,11258,0.9822339872461789,1.0107089041145225,0.9737414179468803,0.899416256044761
user_total_ratings,20-30,1027,1.1017031210732624,1.0941801189943496,1.0961170148115258,1.0150755240996523
user_total_ratings,31-60,2090,1.0229096644696192,1.0313210963936343,1.0365310604417977,0.9660783616701398
user_total_ratings,61-150,5387,1.0280215284906782,1.0382547994448776,1.0728467035821914,0.9451032654016023
user_total_ratings,>150,11496,1.006715124567514,1.0672509908146286,1.1087045995433986,0.905424205558961
