method,strategy,rmse,mae,coverage,rmse_covered_only,prep_seconds,predict_seconds
Baseline,global mean,1.1283671361335592,0.9463367725,1.0,1.1283671361335592,0.0,5.333997251000255e-06
Baseline,user mean,1.049986082374333,0.8406409438885903,1.0,1.049986082374333,0.0,0.0
Baseline,item mean,1.0213335701383803,0.8154588600345681,0.9982,1.021424281183616,0.0,0.0
User-Based,A co-rated only,1.0192503798228634,0.8055004466699913,0.9982,1.019337516236195,0.033659250002529006,0.1864176659946679
User-Based,B mean imputation,1.0485640326779764,0.8241032157951782,0.9982,1.048700848650243,0.007013750000623986,0.19373066700063646
Item-Based,A co-rated only,1.0572084997461075,0.8356049043392458,0.9982,1.057359719424093,0.06388795800012304,0.10929404199850978
Item-Based,B mean imputation,1.0802460387538606,0.8570512953076294,1.0,1.0802460387538606,0.01078416699601803,0.10587795899482444
User-Based,C weighted beta=10,1.0145148875044165,0.8002678752482169,0.9982,1.0145938721289727,0.034667125008127186,0.19516250000015134
Item-Based,C weighted beta=10,1.0460468132329592,0.8143603021889858,0.9982,1.0461794143565355,0.06670120800117729,0.11864162499841768
User-Based,C weighted beta=25,1.0173827335224286,0.8058147844523446,0.9982,1.0174666592485029,0.03444679099629866,0.2728839169940329
Item-Based,C weighted beta=25,1.0774286095958057,0.8356271251038956,0.9982,1.0776131058381002,0.06636766600422561,0.11958812500233762
User-Based,C weighted beta=50,1.0187858279849933,0.8089485237222028,0.9982,1.018872166307077,0.03444566700636642,0.2450468750030268
Item-Based,C weighted beta=50,1.0911237173332067,0.8459023585754821,0.9982,1.0913304345734682,0.06637658300314797,0.12327345900121145
MF (SGD),"D k=20, early stop @ epoch 20 (val)",0.9285722470595572,0.7316718311382169,0.9982,0.9284963947675406,11.80428041700361,0.0005866249994141981
