config,precision_at_5,mean_popularity,median_popularity,share_recs_with_le5_ratings,users_with_empty_list
UB-A,0.04800000000000001,109.856,81.5,0.164,0
UB-C50,0.06,127.024,54.0,0.316,0
IB-A,0.02,27.644,2.0,0.76,0
IB-C50,0.024000000000000004,25.624,2.0,0.712,0
UB-A pop>=20,0.076,162.576,160.0,0.0,0
UB-C50 pop>=20,0.10400000000000001,210.056,214.0,0.0,0
IB-A pop>=20,0.068,104.164,74.5,0.0,0
IB-C50 pop>=20,0.064,78.812,45.0,0.0,0
UB-A pop>=50,0.076,167.304,160.0,0.0,0
UB-C50 pop>=50,0.10400000000000001,210.056,214.0,0.0,0
IB-A pop>=50,0.08800000000000001,132.224,115.5,0.0,0
IB-C50 pop>=50,0.07200000000000001,117.468,68.0,0.0,0
MF (reference),0.08,152.376,142.0,0.004,0
Most popular (ref.),0.15600000000000003,394.668,405.0,0.0,0
